ebass@enron.com||Blanchard, Timothy|chris_a_regnier@yahoo.com, c_keels@hotmail.com, cll@prodigy.net, e_levitt@hotmail.com, Bass, Eric|DL-GA-all_enron_houston_employees|'Luis Mena|a_diekman@hotmail.com, BLawler875@aol.com, CHMARGAU@aol.com, chris_a_regnier@yahoo.com, c_keels@hotmail.com, cll@prodigy.net, e_levitt@hotmail.com, Emily.A.Dickey@questdiagnostics.com, Bass, Eric|Olsen, Michael|All Enron Employees United States Group@ENRON|All Enron Houston@ENRON|Rusty WILLIAMS|iceuserslist@list.intcx.com|All Enron Employees North America@ENRON|Ruscitti, Kevin|Husser, Shanna|Larry W. Bass|gasindex@list.intcx.com|Bass, Eric|'mmarcantel@equvia.com', 'kevin.a.boone@accenture.com', 'val.generes@accenture.com', Blanchard, Timothy|'smacfarland@gpch.org', 'lqcolombo@aol.com'|Yosowitz, Michael|Friedman, Mark|EBASS@ENRON.COM|Eric Bass|undisclosed-recipients|Announcement Group@ENRON|Tycholiz, Barry|Ames, Chuck|TEXTBREAKINGNEWS@CNNIMAIL4.CNN.COM|Herod, Brenda F.|DL-EOL NA Traders & Orig|marilynmontano@hotmail.com|All Enron Employees United States@ENRON|DL-GA-all_UBSW Energy|cheatsheets@yahoogroups.com|'bonuraj@phelps.com', Bass, Eric|Allen, Phillip K.|DL-Exchange Server Maintenance|a_diekman@hotmail.com, bmarv7@hotmail.com, chris_a_regnier@yahoo.com, c_keels@hotmail.com, e_levitt@hotmail.com, Bass, Eric|Eric_Bass@enron.net|Alonso, Tom|K. Bass|All Enron Worldwide@ENRON|lists.coolvacations.com|Meg Byerly (E-mail)|postmaster@your.smtp.com|DL-GA-all_enron_worldwide3|'Larry Bass'|DL-GA-all_enron_worldwide1|Davis, Dana|ebass@ect.enron.com|Adamik, Darren|Lenhart, Matthew|DL-NETCO Gas Traders|Ramiro (lqcolombo@aol.com), 'smacfarland@gpch.org', Bass, Eric|Cross, Edith|DL-GA-all_domestic2|events@eyeforenergy.com|Cheatsheets post to list|'K. Bass'|Giron, Darron C.|DL-UBSW Energy Canada|mballases@hotmail.com, Bass, Eric|chris_a_regnier@yahoo.com, czl48@hotmail.com, Bass, Eric|EBASS@enron.com|DL-GA-all_enron_houston|hotdeals1|Cheatsheets Mailing Yahoo|DeltaView|POWERMART1@LISTSERV.PLATTS.COM|Baumbach, David|Lackey, Chris|Eric|continentalvacations|Martin, Thomas A.|DL-GA-all_domestic|DL-GA-all_ees|Bryan, Gary|FOXSports FLASH|DL-GA-all_NETCO|TEXTBREAKINGNEWS@CNNIMAIL12.CNN.COM|Enron Houston@ENRON|